index	original	width	height	webfile
1	20220313_114440.jpg	1536	2048	001-20220313_114440.jpg
2	20220316_134746.jpg	1153	2048	002-20220316_134746.jpg
3	20220503_184920.jpg	2048	1153	003-20220503_184920.jpg
4	20220505_173720.jpg	2048	1153	004-20220505_173720.jpg
5	20220531_141846.jpg	1153	2048	005-20220531_141846.jpg
6	20220603_181812.jpg	2048	1536	006-20220603_181812.jpg
7	20220908_164924.jpg	2048	1153	007-20220908_164924.jpg
8	20220919_101748.jpg	2048	1153	008-20220919_101748.jpg
9	20220919_175109.jpg	2048	1536	009-20220919_175109.jpg
10	20240302_190842.jpg	1536	2048	010-20240302_190842.jpg
11	20240316_145536.jpg	1153	2048	011-20240316_145536.jpg
12	20240317_235843.jpg	2048	1153	012-20240317_235843.jpg
13	20240318_005112.jpg	2048	1153	013-20240318_005112.jpg
14	IMG_20151003_152527.jpg	2048	1152	014-img_20151003_152527.jpg
15	IMG_20151023_132916.jpg	2048	1152	015-img_20151023_132916.jpg
16	IMG_20151023_151046.jpg	2048	1150	016-img_20151023_151046.jpg
17	IMG_20170906_144712.jpg	2048	1536	017-img_20170906_144712.jpg
18	IMG_20171110_174930.jpg	2048	1536	018-img_20171110_174930.jpg
19	IMG_20171218_085352.jpg	2048	1536	019-img_20171218_085352.jpg
20	IMG_20171219_162621.jpg	1536	2048	020-img_20171219_162621.jpg
21	IMG_20171221_172625.jpg	1536	2048	021-img_20171221_172625.jpg
22	IMG_20171226_095333.jpg	2048	1536	022-img_20171226_095333.jpg
23	IMG_20171226_115705.jpg	1536	2048	023-img_20171226_115705.jpg
24	IMG_20171227_072108.jpg	2048	1536	024-img_20171227_072108.jpg
25	IMG_20171229_145803.jpg	2048	1536	025-img_20171229_145803.jpg
26	IMG_20171229_150626.jpg	2048	1536	026-img_20171229_150626.jpg
27	IMG_20171229_153407.jpg	2048	1536	027-img_20171229_153407.jpg
28	IMG_20171229_170047.jpg	2048	1536	028-img_20171229_170047.jpg
29	IMG_20171229_170135.jpg	1536	2048	029-img_20171229_170135.jpg
30	IMG_20171229_170142.jpg	2048	1536	030-img_20171229_170142.jpg
31	IMG_20171229_170205.jpg	2048	1536	031-img_20171229_170205.jpg
32	IMG_20171229_170209.jpg	2048	1536	032-img_20171229_170209.jpg
33	IMG_20171229_171440.jpg	2048	1536	033-img_20171229_171440.jpg
34	IMG_20171229_172554.jpg	2048	1536	034-img_20171229_172554.jpg
35	IMG_20180104_131908.jpg	2048	1536	035-img_20180104_131908.jpg
36	IMG_20180227_111714.jpg	2048	1536	036-img_20180227_111714.jpg
37	IMG_20180227_111727.jpg	2048	1536	037-img_20180227_111727.jpg
38	IMG_20180308_080701.jpg	2048	1536	038-img_20180308_080701.jpg
39	IMG_20201004_232215.jpg	1024	2048	039-img_20201004_232215.jpg
40	IMG_20201006_080959.jpg	2048	1024	040-img_20201006_080959.jpg
41	IMG_20201006_190459.jpg	2048	1024	041-img_20201006_190459.jpg
42	IMG_20201019_172213.jpg	2048	1024	042-img_20201019_172213.jpg
43	IMG_20201021_085544.jpg	1536	2048	043-img_20201021_085544.jpg
44	IMG_20201026_091643.jpg	2048	1024	044-img_20201026_091643.jpg
45	IMG_20201027_103224.jpg	1024	2048	045-img_20201027_103224.jpg
46	IMG_20201028_101416.jpg	2048	1024	046-img_20201028_101416.jpg
47	IMG_20201225_163457.jpg	2048	1024	047-img_20201225_163457.jpg
48	IMG_20201231_132209.jpg	1024	2048	048-img_20201231_132209.jpg
49	IMG_20210218_135330.jpg	2048	1024	049-img_20210218_135330.jpg
50	IMG_20210226_051612.jpg	2048	1536	050-img_20210226_051612.jpg
51	IMG_20210226_201041.jpg	2048	1024	051-img_20210226_201041.jpg
52	IMG_20210304_040427.jpg	2048	1024	052-img_20210304_040427.jpg
53	IMG_20210309_232317.jpg	2048	1024	053-img_20210309_232317.jpg
54	Screenshot_2016-07-06-16-54-55_com.android.chrome.png	1280	720	054-screenshot_2016-07-06-16-54-55_com-android-chrome.jpg
55	Screenshot_20220712-135634_Drive.jpg	2048	955	055-screenshot_20220712-135634_drive.jpg
56	Screenshot_20220712-141048_Drive.jpg	2048	955	056-screenshot_20220712-141048_drive.jpg
57	Screenshot_20220712-141209_Drive.jpg	2048	955	057-screenshot_20220712-141209_drive.jpg
58	Screenshot_20220712-141226_Drive.jpg	2048	955	058-screenshot_20220712-141226_drive.jpg
59	Screenshot_20220712-141236_Drive.jpg	2048	955	059-screenshot_20220712-141236_drive.jpg
60	Screenshot_20220712-141246_Drive.jpg	2048	955	060-screenshot_20220712-141246_drive.jpg
61	Screenshot_20220712-141413_Drive.jpg	2048	955	061-screenshot_20220712-141413_drive.jpg
62	Screenshot_20220712-141503_Drive.jpg	2048	955	062-screenshot_20220712-141503_drive.jpg
63	Screenshot_20220714-110538_Drive.jpg	2048	955	063-screenshot_20220714-110538_drive.jpg
64	Screenshot_20220719-123859_Drive.jpg	2048	955	064-screenshot_20220719-123859_drive.jpg
65	Screenshot_20220719-123909_Drive.jpg	2048	955	065-screenshot_20220719-123909_drive.jpg
66	Screenshot_20220719-123946_Drive.jpg	2048	955	066-screenshot_20220719-123946_drive.jpg
67	Screenshot_20220719-124215_Drive.jpg	2048	955	067-screenshot_20220719-124215_drive.jpg
68	Screenshot_20220719-131434_Drive.jpg	2048	955	068-screenshot_20220719-131434_drive.jpg
69	Screenshot_20220720-143557_Drive.jpg	2048	955	069-screenshot_20220720-143557_drive.jpg
70	Screenshot_20220720-144540_WhatsApp.jpg	955	2048	070-screenshot_20220720-144540_whatsapp.jpg
71	Screenshot_20220726-141634_Drive.jpg	2048	955	071-screenshot_20220726-141634_drive.jpg
72	Screenshot_20220726-141731_Drive.jpg	2048	955	072-screenshot_20220726-141731_drive.jpg
73	Screenshot_20240205_224321_Drive.jpg	955	2048	073-screenshot_20240205_224321_drive.jpg
74	Screenshot_20240205_224401_Drive.jpg	955	2048	074-screenshot_20240205_224401_drive.jpg
75	Screenshot_20240301_191522_VLC.jpg	2048	955	075-screenshot_20240301_191522_vlc.jpg
76	IMG_20160502_154138.jpg	2048	1518	076-pelli-choopulu-img_20160502_154138.jpg
77	IMG_20160707_214658.jpg	2048	1529	077-pelli-choopulu-img_20160707_214658.jpg
78	IMG_20160707_224155.jpg	2048	1529	078-pelli-choopulu-img_20160707_224155.jpg
79	IMG_20160719_120153.jpg	2048	1518	079-pelli-choopulu-img_20160719_120153.jpg
80	IMG_20151027_144133.jpg	2048	1152	080-pelli-choopulu-img_20151027_144133.jpg
81	IMG_20151029_174953.jpg	2048	1152	081-pelli-choopulu-img_20151029_174953.jpg
82	IMG_20151103_112030.jpg	2048	1152	082-pelli-choopulu-img_20151103_112030.jpg
83	IMG_20171003_165939.jpg	2048	1536	083-pelli-choopulu-img_20171003_165939.jpg
84	IMG_20180113_172205.jpg	2048	1536	084-pelli-choopulu-img_20180113_172205.jpg
85	IMG_20171111_141746(1).jpg	1536	2048	085-pelli-choopulu-img_20171111_141746.jpg
86	IMG_20171113_065829(1).jpg	2048	1536	086-pelli-choopulu-img_20171113_065829.jpg
87	IMG_20171113_065858(1).jpg	2048	1536	087-pelli-choopulu-img_20171113_065858.jpg
88	IMG_20171113_105235(1).jpg	1536	2048	088-pelli-choopulu-img_20171113_105235.jpg
